user,swing_count,median_ideal_zone_time_ms,median_zone_speed_mean_mph,median_zone_speed_max_mph,median_zone_speed_pct_max_mean,median_zone_speed_pct_max_peak,median_x_midpoint_in_front_com,median_x_range_in_zone_in,median_bat_speed_mph,rank_zone_speed_pct_mean,rank_zone_speed_mph_mean,rank_zone_time,combined_time_speed_score,rank_combined_time_speed
86,7,41.99999999999871,48.80480283218552,67.31209201422436,72.74382284539746,100.0,21.631608548954745,20.562429696310183,67.0141,67,64,1,30.55240559506599,1
87,4,33.599999999998964,43.64346466051293,46.730012442434194,69.31164109460195,73.02704399801561,27.25515560557875,15.985751781044646,62.102850000000004,77,89,2,23.288711407785534,2
71,6,29.399999999999093,49.59113528571731,69.32795839871582,72.82012783311984,100.0,21.210536183000038,14.278402699677967,68.84245,66,62,4,21.409117582936574,3
157,5,25.19999999999922,51.513989246773534,62.81828814574879,81.60603324074235,100.0,18.51940382454194,20.123172103508807,62.6485,39,57,9,20.564720376666436,4
193,8,26.599999999999177,52.10765856095374,72.27565230193717,70.66939179599964,99.72042345759829,24.365813648320284,12.296775403087896,71.89835,73,53,8,18.798058217735324,5
207,7,25.19999999999922,48.59889910329198,65.8046144533756,73.88481400309108,100.0,22.776715410598285,10.142482189737244,64.4862,59,66,9,18.61897312877838,6
215,7,27.999999999999137,44.422180646088606,64.8476242202682,66.00500587885047,96.24291342610331,27.189632545961132,12.023809523822518,66.5969,91,84,5,18.48140164607756,7
85,8,23.799999999999265,55.50946964067216,71.84246563238845,76.4781526801492,100.0,22.35864266969044,14.505624296978553,71.35085000000001,49,41,14,18.201800337874946,8
146,4,23.799999999999265,50.93385295649766,66.16394578162455,76.0873327428537,100.0,23.19005436822902,11.945725534321118,65.32415,51,60,14,18.108785192798624,9
128,8,25.19999999999922,49.22448364022089,68.59052889747603,70.92227680468369,99.16590809744952,24.77348143984678,10.238188976389011,68.0209,72,63,9,17.87241375477974,10
120,8,27.999999999999137,45.642693114993875,64.52160657792446,63.47971964209775,90.16959592957303,25.253983877042653,14.050431196115664,69.18745,93,78,5,17.774321499786822,11
109,5,30.79999999999905,35.2696503662448,55.47872890192084,57.39549917333744,90.92336784821816,23.143138357730287,15.300149981268875,59.8086,98,97,3,17.677813745387386,12
9,9,25.19999999999922,36.05704526365336,52.77044419278241,68.95551279609971,100.0,21.49400074992948,11.415823022134564,53.9154,83,96,9,17.37678922461659,13
19,8,23.799999999999265,43.77637603762936,59.20556361205902,69.16380979526677,96.52316046186965,23.133623922034737,12.023903262105232,62.6555,79,88,14,16.460986731272982,14
58,6,23.799999999999265,52.33973565825825,73.87095751733523,69.01305884272062,99.47871953289898,29.04710348709549,10.873078365216099,73.57745,82,52,14,16.425108004567004,15
67,8,27.999999999999137,38.83439205271209,45.62440852654647,58.36686202715454,72.14016136838998,23.38662354708188,11.746344206986816,65.53380000000001,97,94,5,16.342721367602767,16
4,5,22.39999999999931,48.64351831597369,64.40048017227922,72.92998599043861,89.81302588697262,23.404386951656324,11.035245594312634,66.0435,65,65,18,16.336316861857746,17
167,5,19.5999999999994,47.46672413219398,56.7473593580949,82.87250328677749,100.0,18.491282339727512,10.390138732669646,55.8053,36,72,25,16.243010644207892,18
186,8,23.800000000000153,44.8142720262488,55.97958180158341,67.49388974092702,83.09796593154779,22.337317210372838,13.48462692164936,65.4437,88,82,13,16.063545758340734,19
70,8,20.999999999999353,50.47446898385408,66.74198252048339,75.9793412199029,100.0,23.089426321734724,8.898481439829636,65.05075,52,61,21,15.955661656179117,20
59,5,19.5999999999994,54.74357904386763,70.60328732116713,78.75549358024111,100.0,23.026715410598555,12.431946006762589,69.4476,46,42,25,15.436076741726787,21
82,7,22.39999999999931,43.90057933626613,60.54761192953914,68.88630958065161,93.66822543690138,17.846175478084515,10.638357705298333,62.5455,84,87,18,15.430533346065486,22
88,8,19.60000000000017,58.74068813102215,73.0928898550637,77.5070729140516,100.0,26.77301274843537,10.865954255729774,72.85155,47,29,22,15.191386291154245,23
5,5,19.60000000000017,53.74143942589883,65.99445585580597,76.82689306071839,95.84536477811658,26.498406449222475,8.580614923143873,67.5669,48,48,22,15.058071039900932,24
31,7,22.39999999999931,44.34035519484219,62.097769423735166,67.22025418407611,94.1406045708264,24.86942257220534,10.865766779164346,64.9553,90,85,18,15.057336937232584,25
136,8,16.800000000000146,60.6373982162995,67.98185494429151,89.31744210363706,100.0,21.179883764552315,11.922197225359715,67.92564999999999,17,22,39,15.005330273411158,26
22,8,16.799999999999482,64.07650969723062,71.43164984336936,89.15342776155649,100.0,19.831411698559105,12.453974503200559,70.63495,18,12,40,14.977775863941028,27
73,8,19.5999999999994,54.42769352559249,71.13596673168865,75.50209450261464,100.0,26.513451443598193,9.561023622057576,69.77215000000001,54,44,25,14.798410522512018,28
98,8,18.19999999999944,54.23376150363798,66.11560560138392,81.22631966270218,100.0,18.594394450713747,8.570116235479825,65.65270000000001,42,45,33,14.783190178611344,29
54,9,19.5999999999994,57.04367268624809,71.04857083112272,75.26382825571248,100.0,21.679602549704704,9.781589801285412,72.0429,55,37,25,14.751710338119196,30
24,7,16.799999999999482,58.00582389726112,70.15000128703899,85.79372555868524,100.0,20.639013873288135,10.642294713172358,68.1518,25,31,40,14.413345893858676,31
65,7,19.5999999999994,55.602806840638856,74.60879017051565,72.48615136068437,97.62636288384388,27.51574803152579,10.86314210724833,75.3783,68,40,25,14.207285666693704,32
76,8,19.599999999999397,45.37271297549058,49.279901326083504,71.34706340456881,77.52507040980453,26.64707536560809,9.907011623557755,62.653,70,79,31,13.984024427295058,33
123,5,16.799999999999482,48.3484745474498,57.29295104768668,82.33844057820154,99.77037954390411,16.00103112112714,8.75815523060564,57.1854,38,69,40,13.832858017137433,34
194,8,18.199999999999775,47.038703662416246,61.74520260439422,75.56018574821076,99.44928703430416,24.574240719936554,7.775871766037648,61.49335,53,74,32,13.751953806174187,35
92,5,19.60000000000017,44.562059437241366,63.80796255477828,69.94509234147766,97.90423053899173,23.834551931034373,7.9152605924345,66.0905,74,83,22,13.709238098929738,36
90,8,13.999999999999568,60.531070259059,63.44649199278034,95.85455374777223,100.0,19.98547056620081,7.932789651302156,62.08725,4,23,55,13.419637524687698,37
99,8,18.19999999999944,51.621757857836656,69.10018224321641,73.54030029378073,99.76175444690044,22.961098612698216,9.226377952765873,68.2887,61,56,33,13.384334653467683,38
231,8,18.19999999999944,51.7279823196344,68.40767441051688,73.32320070038897,97.50534094490993,25.029808773930302,11.30755530559902,70.14070000000001,63,55,33,13.344822527470383,39
210,8,15.399999999999526,57.927668044897516,69.0712891379997,83.37166740695616,99.94841385644682,24.11651668544038,7.444694413206397,69.32615,34,33,45,12.839236780670854,40
26,8,18.19999999999944,48.44484500225308,66.48480964613698,69.7508025186306,97.02234340352828,23.105924259492525,9.033652043504324,68.00065000000001,75,68,33,12.694646058390381,41
103,8,19.5999999999994,46.38164712106526,51.34403762789595,63.98559119446499,70.93005984347408,30.73228346460013,9.186820397460245,71.68745,92,75,25,12.541175874114753,42
147,5,13.999999999999568,60.49065586671252,66.25329864246507,88.09387854559431,97.85623938245251,24.144638170254808,5.583427071622086,66.0369,19,24,55,12.333142996382824,43
192,8,18.19999999999944,44.96065503245664,52.98130462690852,67.30786188148343,79.48383797707818,25.465691788553944,6.779621297345155,65.32685000000001,89,81,33,12.25003086242961,44
79,8,15.399999999999526,52.94427671768635,65.98764056502974,78.93487782268856,99.12738975735553,18.627577802794775,9.403543307096772,65.6377,45,49,45,12.155971184693664,45
50,8,13.999999999999568,60.338468333083895,68.87124654269999,85.10877909303763,99.91918111018809,21.590738657691112,7.098800149988923,68.2132,28,27,55,11.9152290730249,46
126,8,13.999999999999568,53.96929164647114,61.78446028787033,85.0229412476652,99.26498804936848,21.08253655795303,6.597394075747664,61.69045,29,46,55,11.903211774672762,47
57,8,13.999999999999847,58.354316527307205,70.2600198113611,84.53740600504868,98.70829689650617,22.610470566203645,7.53187101613112,69.59235,31,30,52,11.835236840706687,48
150,5,14.00000000000068,55.637305242267765,69.76489825966893,83.94754773780846,95.65325518217232,24.797056617949544,8.511436070500384,69.3275,32,39,48,11.752656683293756,49
113,4,15.39999999999953,51.76366830629735,64.25687860843878,76.29771874466354,97.29821014185109,21.919291338606357,8.012185976761561,65.73745,50,54,44,11.749848686677826,50
10,8,13.99999999999957,54.46744183673488,63.002010564050735,83.92094082022953,96.25774895672355,17.221925384345564,8.032152230979808,63.631150000000005,33,43,54,11.748931714831775,51
238,8,12.600000000000056,61.44956084611447,66.32644004584063,93.04147351307944,100.0,16.401246719177816,8.047619047627741,65.53614999999999,10,19,65,11.723225662648062,52
221,7,16.800000000000814,43.17065027305495,46.78209719750193,69.10659196031348,80.40859678902059,22.770059992525535,7.509561304845011,60.0138,80,90,38,11.609907449333228,53
189,8,13.999999999999568,60.961507074504084,73.36741364470734,81.366220064923,99.57846531454624,24.675103112137634,7.653168353964025,73.09270000000001,40,20,55,11.39127080908887,54
242,8,13.999999999999568,56.470112801047165,68.67113994372723,80.98076468485931,100.0,21.525637420345717,7.862485939266088,68.05375000000001,44,38,55,11.337307055879954,55
209,8,15.399999999999526,50.94137815677489,64.42599951229654,73.47477325723045,96.17154847689267,27.381327334112818,5.975346831652498,67.21345,62,59,45,11.315115081613142,56
222,8,11.199999999999656,68.23510945739679,70.36452155057813,97.3395560530746,100.0,20.020716160501564,8.056430446202928,69.67365,1,6,71,10.90203027794402,57
64,8,11.199999999999656,57.85636814647435,60.11897131414548,96.61071170451422,100.0,14.395434945647345,6.875796775410501,59.7813,2,34,71,10.82039971090526,58
94,8,12.599999999999612,66.33180274707607,75.80551269671906,85.802496907641,100.0,27.251077990280653,6.393700787408486,74.43955,24,8,66,10.811114610362432,59
163,5,11.199999999999656,71.57109184670153,74.5347992113285,96.0237266404596,100.0,23.905418072766732,7.810461192359394,72.4937,3,1,71,10.754657383731146,60
30,8,12.599999999999612,57.636504180011116,67.51587646595402,84.66652470356519,98.28983328491614,23.215644919410153,5.9993438320274795,68.5629,30,35,66,10.667982112648886,61
174,5,11.199999999999656,64.26064584658879,67.78341566905834,95.24643861466902,100.0,24.461473565830698,6.73022122235448,66.4028,5,10,71,10.667601124842601,62
49,8,11.199999999999656,66.33860072234867,70.1215434663988,94.71102981048921,100.0,22.06721034873025,5.785901762285963,69.75919999999999,6,7,71,10.607635338774466,63
44,8,11.200000000000545,61.62921475929718,67.18256806039321,94.18845704968676,100.0,23.30155605551823,6.271091113617574,66.19515,7,17,68,10.54910718956543,64
121,7,11.199999999999656,64.19547198105454,67.70230740680009,94.0409688870967,100.0,23.494188226497066,6.993813273348387,67.6381,8,11,71,10.532588515354508,65
78,8,14.000000000000124,47.390794663805266,59.6776614689482,75.20998306397124,95.00432449247276,25.390326209251274,5.721878515191785,61.31875,56,73,49,10.529397628956067,66
96,4,14.000000000000014,44.226589995645014,56.433653382853215,74.90990835136826,95.53501066979442,19.04954068243527,5.815804274471973,58.2791,57,86,51,10.487387169191567,67
56,8,11.199999999999878,68.93072878702422,74.36064422007334,93.50755310441241,100.0,21.214988751428994,7.93269591301944,73.5498,9,4,70,10.472845947694077,68
162,5,13.999999999999568,48.51748057132581,61.28293104313144,74.5388895120657,100.0,19.83558305213991,5.667604049499936,62.7887,58,67,55,10.435444531688875,69
152,5,11.199999999999656,69.58843055356508,73.15243751233625,92.0157297995344,100.0,26.23078365207183,6.919197600307445,72.1336,11,3,71,10.305761737547536,70
127,8,16.799999999999482,41.74118043377442,46.769573457920224,61.16040468483983,69.58341620343943,19.55085301839382,8.894450693672905,66.4188,95,92,40,10.274947987052776,71
130,6,13.999999999999847,48.332302308484856,67.85176469955158,73.02034357559413,98.37238761049649,23.55703974505732,8.154105736791712,67.376,64,70,52,10.222848100583066,72
142,5,11.199999999999656,64.9184410593097,72.1566599255357,90.43720820755512,99.25209079224916,21.1829771278819,6.576490438702269,72.1136,14,9,71,10.128967319245863,73
80,8,11.199999999999656,68.620365499668,76.77621554615683,89.96000803546404,100.0,19.23631421074444,7.59692538433517,75.82300000000001,16,5,71,10.075520899971664,74
200,8,14.000000000000124,52.63458876462754,67.77405687683009,71.91502096891841,94.49422213342922,24.472675290615115,6.154761904768554,71.70230000000001,69,51,49,10.068102935648668,75
201,9,13.999999999999568,50.9547315523545,65.60692026333241,71.19841526700189,94.91639188430555,22.45200599927435,6.696287964011734,68.5858,71,58,55,9.967778137379957,76
83,8,13.999999999999568,48.080169533742946,63.33852630234946,69.54362622937613,89.90179426981638,21.360704911909085,7.011248593933335,68.89789999999999,76,71,55,9.73610767211236,77
145,5,11.199999999999656,71.54944221145401,80.2713727305305,86.71082798194185,97.28094276599562,25.35283089616537,7.1323584552008015,79.5106,21,2,71,9.711612733977189,78
68,8,11.199999999999656,53.90061044969984,61.938685648338065,86.42355464585907,99.73372287356736,21.586614173251668,4.430727409078651,61.4484,22,47,71,9.67943812033592,79
74,8,13.999999999999568,45.86421016841024,60.398189544371554,69.09370556331054,91.60953790375008,24.758905136884636,5.542557180358443,65.9059,81,76,55,9.673118778863177,80
179,5,11.200000000000545,63.29757323801532,70.86385593126566,85.20200414373711,92.85841065905636,20.179790026268513,6.038995125615827,73.3095,27,14,68,9.54262446409902,81
139,5,11.199999999999656,57.236753343256,62.6775996352478,83.10379929869765,95.74256065943612,23.623172103512587,6.0794900637486045,67.5595,35,36,71,9.30762552145385,82
34,8,11.199999999999656,60.37329863335917,69.19797717013154,82.83438713711091,95.1142244643244,23.557039745057317,6.076021747288156,71.26185000000001,37,26,71,9.277451359356137,83
177,5,11.199999999999656,57.961900177254144,67.29441794244592,81.28546011033875,92.55840384965462,24.709130108763098,5.012935883020042,70.2543,41,32,71,9.10397153235766,84
137,7,11.199999999999656,60.4706529298068,73.03753903751803,81.13074006308047,99.0725898371134,25.969441319863076,6.326959130115572,72.5252,43,25,71,9.086642887064734,85
108,8,9.800000000000033,60.90803583294587,66.28813446605159,91.38244325359152,99.75821519598048,22.114220097511705,4.634045744286972,65.4051,12,21,91,8.955479438851999,86
53,8,9.800000000000033,62.646013647794646,69.60279700982719,87.65308277994217,99.32371543410449,23.220331833545888,5.094300712416453,69.4822,20,16,91,8.59000211243436,87
195,8,11.199999999999656,45.8559812570394,58.104403671471665,69.26230870369733,85.24912391962945,18.551134233240884,4.976471691043994,67.9168,78,77,71,7.757378574813863,88
151,5,11.199999999999656,40.01185601467144,54.11525892096813,68.73470381136431,93.8956144903168,17.735189351350243,4.698725159360158,56.7284,85,93,71,7.698286826872566,89
116,5,8.399999999999741,63.882116215762565,68.16665968058302,90.715373813913,98.38596038884111,25.52005999252851,4.406824146986391,68.4138,13,13,95,7.620091400368458,90
164,5,11.199999999999656,45.2495653098831,58.59065335205083,67.73302509793541,88.9725183390879,27.812992126014297,4.679977502817195,65.5026,87,80,71,7.586098810968533,91
243,8,8.399999999999741,62.82502352258233,69.77827871279464,90.03787645647634,98.61428321619223,22.616751031145544,4.133483314590142,70.9906,15,15,95,7.563181622343779,92
178,5,8.399999999999741,61.569965253335205,68.48668646389605,85.99028639874659,94.10908055297186,21.33530183729339,5.058492688419417,71.1357,23,18,95,7.223184057494491,93
37,8,9.799999999999699,52.9062608874884,63.831532889057044,73.65283823843197,91.02044824567547,20.411323584573974,3.967660292467727,67.9292,60,50,93,7.217978147366112,94
176,5,8.399999999999741,59.13524310567651,68.39911733479252,85.76531007479359,96.06735611921304,21.191507311608945,4.0746156730452725,67.9466,26,28,95,7.20428604628244,95
149,5,11.199999999999656,37.79781107098409,44.60401457933631,61.70691811416003,69.6703337235712,18.250187476585147,4.651856018002775,62.287,94,95,71,6.911174828785712,96
8,5,11.199999999999656,34.121350194388775,36.24637820249552,60.14962875693237,65.44795385973839,19.53730783654154,5.278215223102819,59.8451,96,98,71,6.736758420776219,97
51,8,9.799999999999699,42.37265121421346,56.33673514147816,68.31441426539465,92.26112187436674,17.081552305980207,3.3821709786313257,59.735749999999996,86,91,93,6.694812598008469,98
