session_swing,user,session,hitter_side,highest_playing_level,bat_speed_mph_max_x,attack_angle_contact_x,model_ready_primary,contact_time,force_climb_start_time,lead_force_max_time,fp_100_time,pelvis_velocity20_onset_time,pelvis_velocity20_to_contact_ms,torso_velocity20_onset_time,torso_velocity20_to_contact_ms,lead_hand_velocity20_onset_time,lead_hand_velocity20_to_contact_ms,velocity20_composite_swing_time_ms,velocity20_initiation_spread_ms,swing_length_from_barrel_inflection_ft,swing_length_from_barrel_inflection_in,swing_length_start_time,swing_length_start_ms_before_contact,barrel_angular_velocity_peak_time,barrel_angular_velocity_peak_ms_before_contact,barrel_angular_velocity_peak_deg_s,swing_length_qc,attack_angle_window_source,attack_angle_window_start_source,attack_angle_window_end_source,attack_angle_window_end_attack_direction_deg,attack_angle_window_start_ms_before_contact,attack_angle_window_end_ms_after_contact,attack_angle_window_end_ms_before_contact,attack_angle_marker_time_offset_ms,attack_angle_speed_gate_pct,attack_angle_speed_gate_mps,attack_angle_max_window_speed_mps,attack_angle_contact_computed_deg,attack_angle_contact_xz_deg,attack_angle_contact_obp_deg,attack_angle_contact_diff_deg,attack_angle_contact_speed_mps,attack_angle_contact_bat_speed_mph,attack_angle_contact_speed_pct_max,attack_direction_contact_raw_deg,attack_direction_contact_pull_deg,contact_barrel_x_relative_com_in,contact_barrel_x_relative_preswing_com_in,contact_barrel_preswing_com_reference_ms_before_contact,swing_length_lead_hand_onset_to_contact_in,swing_length_lead_hand_onset_to_contact_ft,swing_path_tilt_contact_deg,attack_angle_contact_in_zone,attack_angle_obp_contact_in_zone,attack_angle_qc,attack_zone_time_ms,attack_zone_pct_of_swing,longest_attack_zone_ms,attack_zone_entry_ms_before_contact,attack_zone_exit_ms_before_contact,attack_zone_entry_ms_from_contact,attack_zone_exit_ms_from_contact,attack_zone_depth_min_in,attack_zone_depth_max_toward_pitcher_in,attack_zone_depth_range_in,attack_zone_depth_entry_in,attack_zone_depth_exit_in,attack_zone_y_range_relative_com_in,attack_zone_y_min_relative_com_in,attack_zone_y_max_relative_com_in,attack_zone_speed_mean_mph,attack_zone_speed_max_mph,attack_zone_speed_pct_max_mean,attack_zone_speed_pct_max_peak,attack_direction_zone_mean_pull_deg,attack_direction_zone_median_pull_deg,attack_direction_zone_range_deg,attack_direction_zone_entry_pull_deg,attack_direction_zone_exit_pull_deg,attack_zone_path_length_in,attack_window_path_length_in,attack_zone_path_pct,attack_window_depth_range_in,example_type,dist
23_1,109,23,L,college,58.7368,2.7773,True,1.2917,1.0917,1.225,1.1651902335382494,1.0778034092286326,213.89659077136747,1.1117325664569668,179.96743354303325,1.1268344452133685,164.86555478663155,213.89659077136747,49.03103598473592,5.598115220517542,67.1773826462105,1.1861,105.60000000000014,1.2667,25.000000000000135,2296.2558451254195,ok,lead_hand_velocity20_onset_to_latest_upward_crossing_55deg_pull_attack_direction,lead_hand_velocity20_onset,latest_upward_crossing_55deg_pull_attack_direction,55.0,164.86555478663155,544.4935662630193,-544.4935662630193,-6.3,30.0,8.065846806848969,26.886156022829898,3.1060478750469045,3.1060478750469045,2.7773,0.3287478750469046,26.886156022829898,60.14261816130518,100.0,9.838332089394802,-9.838332089394802,11.280089988763589,23.862767154131504,497.30000000000007,75.51420495375,6.292850412812499,22.426446813472527,False,False,ok,39.199999999998795,5.46875,36.10000000000002,-5.499999999999838,-41.59999999999986,5.499999999999838,41.59999999999986,15.068428946397976,31.217847769062594,16.149418822664618,15.068428946397976,31.217847769062594,12.093363329596869,-30.688038995158752,-18.594675665561883,34.519155909595405,51.35105951637347,57.39549917333744,85.38214844363384,28.3763882044357,29.696715865983208,45.71018409161143,0.5287506747987081,46.23893476641014,20.678744340439263,245.8829543364781,8.409995071127002,65.39876265473883,highest_zone_time,
23_5,109,23,L,college,59.554,-2.1309,True,1.5056,1.2907,1.438,1.3670177107410464,1.2787427021567226,226.85729784327745,1.3237136219559296,181.88637804407048,1.3330862989125902,172.51370108740983,226.85729784327745,54.34359675586762,4.812730542746738,57.75276651296086,1.4361,69.50000000000011,1.4806,25.000000000000135,2219.5362745894704,ok,lead_hand_velocity20_onset_to_latest_upward_crossing_55deg_pull_attack_direction,lead_hand_velocity20_onset,latest_upward_crossing_55deg_pull_attack_direction,55.0,172.51370108740983,474.91307159785754,-474.91307159785754,-6.3,30.0,8.106612385580739,27.022041285269133,-2.2166585278604702,-2.2166585278604702,-2.1309,-0.08575852786047022,27.022041285269133,60.44658483641084,100.0,13.799746900191513,-13.799746900191513,7.958005249352424,22.335958005273465,500.0,80.8766789252454,6.73972324377045,26.143149867654373,False,False,ok,36.399999999998876,5.579399141630901,33.30000000000011,-11.099999999999888,-44.39999999999999,11.099999999999888,44.39999999999999,14.538995125625,30.400262467224444,15.861267341599444,14.538995125625,30.400262467224444,9.031121109871023,-35.85770528687787,-26.826584177006843,31.653904448591085,34.72088087529186,52.366737565500834,57.44059977790054,24.298518492444792,24.56446583590009,29.30828057524108,7.585840806572254,36.894121381813335,18.872477541854597,247.00793339197207,7.640433763682493,64.66666666673653,highest_zone_time,
123_1,9,123,R,college,55.4608,5.7267,True,1.1472,0.9472,1.0778,0.98974492648688,0.8740862978308471,273.1137021691529,0.9519567522874766,195.24324771252344,0.96784331092362,179.35668907637992,273.1137021691529,93.75701309277297,5.984276005131168,71.81131206157401,1.0083,138.90000000000003,1.1194,27.800000000000047,2527.3492116778334,ok,lead_hand_velocity20_onset_to_latest_upward_crossing_55deg_pull_attack_direction,lead_hand_velocity20_onset,latest_upward_crossing_55deg_pull_attack_direction,55.0,179.35668907638004,37.75401249343968,-37.75401249343968,-6.3,30.0,7.892024052163281,26.30674684054427,5.756908316872268,5.756908316872268,5.7267,0.030208316872267993,24.45910241902555,54.71345387219382,92.97653779572961,-2.510847089795121,-2.510847089795121,16.00468691415302,22.96137982754636,500.0,75.05854336573313,6.254878613811094,27.031606829898994,True,True,ok,36.399999999998876,16.666666666666664,33.4000000000001,0.0,-33.4000000000001,0.0,33.4000000000001,16.00468691415302,29.73547056621135,13.730783652058332,16.00468691415302,29.73547056621135,10.236595425582863,20.325271841041825,30.561867266624688,35.43237144165614,58.8465167335009,60.211501731052735,100.0,29.5338486177263,39.888972273037346,52.98345252771291,-2.510847089795121,50.47260543791779,17.207198217901468,93.52135943884238,18.39921737788039,46.809898762705245,highest_zone_time,
203_3,87,203,L,college,63.4148,-0.348,True,1.5139,1.3407,1.4028,1.383263929421479,1.2773601790157758,236.5398209842242,1.317786694813276,196.11330518672384,1.315306980006719,198.59301999328105,236.5398209842242,40.42651579750037,,,,,,27.800000000000047,2933.550087631398,no_barrel_inflection_before_peak_omega,lead_hand_velocity20_onset_to_latest_upward_crossing_55deg_pull_attack_direction,lead_hand_velocity20_onset,latest_upward_crossing_55deg_pull_attack_direction,55.0,198.59301999328105,24.437498659974686,-24.437498659974686,-6.3,30.0,8.576155924774472,28.58718641591491,0.21796780086047463,0.21796780086047463,-0.348,0.5659678008604746,28.58718641591491,63.947714781484606,100.0,-5.3850466598590065,5.3850466598590065,17.443944506955475,33.211661042405574,500.0,76.06759836451415,6.3389665303761795,30.249952824696432,False,False,ok,0.0,0.0,0.0,,,,,,,,,,,,,,,,,,,,,,0.0,90.18996209188755,0.0,46.64716910391242,lowest_zone_time,
203_4,87,203,L,college,64.9769,-2.4231,True,1.3528,1.2213,1.2491,1.2333673159670224,1.1062847110435357,246.5152889564644,1.146361056918543,206.43894308145704,1.156325513762197,196.4744862378029,246.5152889564644,50.04080271866147,4.9983242372505785,59.97989084700694,1.2722,80.60000000000001,1.325,27.800000000000047,2400.64907393461,ok,lead_hand_velocity20_onset_to_latest_upward_crossing_55deg_pull_attack_direction,lead_hand_velocity20_onset,latest_upward_crossing_55deg_pull_attack_direction,55.0,196.47448623780295,35.61616742404694,-35.61616742404694,-6.3,30.0,8.96330925119186,29.877697503972872,-2.4976780684139177,-2.4976780684139177,-2.4231,-0.0745780684139179,28.04162228659099,62.727322580956866,93.85469640979618,9.485741069827357,-9.485741069827357,12.183727034133891,26.601049868795133,500.0,75.79203513464203,6.316002927886836,27.196687880449094,False,False,ok,0.0,0.0,0.0,,,,,,,,,,,,,,,,,,,,,,0.0,102.98028367391167,0.0,52.257405324390916,lowest_zone_time,
47_3,149,47,R,college,57.8982,-3.2308,True,1.5472,1.3232,1.4667,1.4198957801740053,1.3427555483206726,204.44445167932736,1.368031733950979,179.1682660490206,1.3963074281256218,150.8925718743781,204.44445167932736,53.55187980494927,5.491055359076803,65.89266430892164,1.425,122.19999999999986,1.5194,27.799999999999827,2534.357344872882,ok,lead_hand_velocity20_onset_to_latest_upward_crossing_55deg_pull_attack_direction,lead_hand_velocity20_onset,latest_upward_crossing_55deg_pull_attack_direction,55.0,150.8925718743781,583.1336188390923,-583.1336188390923,-6.3,30.0,8.21486503178417,27.382883439280565,-2.9509925109707016,-2.9509925109707016,-3.2308,0.2798074890292983,26.362715352486244,58.971714729076176,96.27443147447761,-7.575069827787212,-7.575069827787212,9.523247094123523,21.63742032248306,500.0,69.97833593397222,5.8315279944976846,43.11238575767705,False,False,ok,5.599999999999827,0.7575757575757576,2.6999999999999247,-8.400000000000185,-11.10000000000011,8.400000000000185,11.10000000000011,14.359017622812662,15.34008248970536,0.981064866892698,14.359017622812662,15.34008248970536,0.5541807274096726,21.68897637797618,22.24315710538585,37.79781107098409,42.439657268058,61.70691811416003,69.28497660658022,11.576690697039375,11.576690697039375,8.680668138978366,7.236356627550193,15.917024766528558,1.2568586946982514,249.99675861013995,0.5027499963142613,81.22515935516839,lowest_zone_time,
8_2,174,8,L,milb,66.4028,9.9825,True,1.1472,0.9611,1.0324,1.0057981137226937,0.942525881784681,204.674118215319,0.9720030669798332,175.1969330201669,0.9576730479650604,189.5269520349397,204.674118215319,29.47718519515209,7.19697568251446,86.36370819017353,1.0306,116.60000000000004,1.1194,27.800000000000047,2650.5136627822226,ok,lead_hand_velocity20_onset_to_latest_upward_crossing_55deg_pull_attack_direction,lead_hand_velocity20_onset,latest_upward_crossing_55deg_pull_attack_direction,55.0,189.52695203493963,25.918429088097827,-25.918429088097827,-6.3,30.0,9.090569442208762,30.301898140695876,10.71117197955651,10.71117197955651,9.9825,0.7286719795565109,30.301898140695876,67.78341566905834,100.0,-11.475860588842265,11.475860588842265,23.03299587554044,39.02512185980968,500.0,97.37045645682458,8.114204704735382,36.809112440486025,True,True,ok,13.999999999999568,6.41025641025641,11.199999999999877,2.7999999999999137,-8.399999999999963,-2.7999999999999137,8.399999999999963,20.326396700434405,28.208098987657017,7.881702287222613,20.326396700434405,28.208098987657017,4.389388826401444,-27.212973378357095,-22.82358455195565,61.71253836919342,67.78341566905834,91.04371292012635,100.0,17.124325094267228,16.7008887744912,22.708981204331124,6.233371241592934,28.942352445924058,9.553075469110855,115.55543851093485,8.267092914200537,55.223284589485985,near_median_zone_time,0.0
8_5,174,8,L,milb,70.3682,12.6101,True,1.3778,1.1861,1.3259,1.2357278398324192,1.1637081754269096,214.0918245730903,1.1904761720707466,187.3238279292533,1.199971555778281,177.82844422171885,214.0918245730903,36.26338035137144,7.666642282782803,91.99970739339363,1.25,127.79999999999991,1.35,27.799999999999827,2587.981481905075,ok,lead_hand_velocity20_onset_to_latest_upward_crossing_55deg_pull_attack_direction,lead_hand_velocity20_onset,latest_upward_crossing_55deg_pull_attack_direction,55.0,177.82844422171883,23.389127474577,-23.389127474577,-6.3,30.0,9.696858638034824,32.322862126782745,13.274985506211525,13.274985506211525,12.6101,0.664885506211526,32.141574439225955,71.89865434687259,99.43913479305851,-12.58808685151029,12.58808685151029,25.559242594703274,42.66554180732018,499.9999999999999,99.6926348927164,8.307719574393033,40.80462878070918,True,True,ok,13.999999999999568,6.8493150684931505,11.099999999999888,5.599999999999827,-5.50000000000006,-5.599999999999827,5.50000000000006,19.39951256095084,29.729471316117603,10.329958755166764,19.39951256095084,29.729471316117603,5.097862767159615,-27.640982377232703,-22.543119610073088,69.70209962659875,72.30418335447098,96.40119892494252,100.0,13.443132819518613,12.58808685151029,22.58323211922838,2.8845261834616096,25.46775830268999,12.270541529224483,116.48026488116412,10.534438208689837,57.06899137613965,near_median_zone_time,0.0
17_5,59,17,R,milb,69.4476,12.485,True,1.2417,1.05,1.1694,1.1239588948607937,1.0216296845428814,220.07031545711865,1.0685188901634195,173.18110983658053,1.0876002348860343,154.0997651139655,220.07031545711865,65.97055034315315,6.3560254476532405,76.27230537183888,1.1389,102.8,1.2167,25.000000000000135,2610.018384491649,ok,lead_hand_velocity20_onset_to_latest_upward_crossing_55deg_pull_attack_direction,lead_hand_velocity20_onset,latest_upward_crossing_55deg_pull_attack_direction,55.0,154.09976511396573,460.59229180555184,-460.59229180555184,-6.3,30.0,9.468748069216376,31.56249356405459,12.122034299536883,12.122034299536883,12.485,-0.36296570046311594,31.503184687417722,70.47061714257714,99.81209064956637,10.533237486307376,10.533237486307376,27.349643794555227,37.12523434574688,500.0,85.98360150318977,7.165300125265815,30.83549611286216,True,True,ok,13.999999999999568,2.262443438914027,11.10000000000011,5.600000000000049,-5.50000000000006,-5.600000000000049,5.50000000000006,21.282902137255835,31.561679790060342,10.278777652804507,21.282902137255835,31.561679790060342,4.654668166484221,22.336520434969756,26.991188601453977,68.36655405847345,70.60328732116713,96.83197008587005,100.0,11.136570705426136,10.533237486307376,23.383772923675934,0.07503245101029411,23.45880537468623,11.917810777914248,293.1754125757363,4.06507853888856,74.41001124867432,near_median_zone_time,0.0
123_5,9,123,R,college,53.9154,5.2066,True,1.1722,0.9676,1.0833,1.0218582745771434,0.9157649993117104,256.4350006882896,0.9779955295420876,194.20447045791235,0.997442432320476,174.75756767952376,256.4350006882896,81.67743300876586,5.4165978769866925,64.99917452384031,1.0472,125.0,1.1444,27.799999999999827,2498.886786084232,ok,lead_hand_velocity20_onset_to_latest_upward_crossing_55deg_pull_attack_direction,lead_hand_velocity20_onset,latest_upward_crossing_55deg_pull_attack_direction,55.0,174.75756767952387,36.07993626275818,-36.07993626275818,-6.3,30.0,7.611440952301155,25.37146984100385,5.3528952439793756,5.3528952439793756,5.2066,0.14629524397937566,23.92983686651608,53.52952054965116,94.31789729360538,-2.6543529508069215,-2.6543529508069215,15.76546681666495,24.10798650171333,499.9999999999999,69.11235695962426,5.759363079968689,22.6314520992249,True,True,ok,36.399999999998876,17.333333333333336,33.4000000000001,0.0,-33.4000000000001,0.0,33.4000000000001,15.76546681666495,29.996250468723815,14.230783652058864,15.76546681666495,29.996250468723815,10.367454068252677,18.135733033390416,28.503187101643093,35.74358245716215,56.75436167010519,62.97944581762379,100.0,28.335803909636574,33.92749478534406,54.758846012122305,-2.6543529508069215,52.10449306131538,17.7986970574584,86.77138469465099,20.512173592817636,45.19160104991759,longest_continuous_zone,
