user,swing_count,median_attack_zone_time_ms,mean_attack_zone_time_ms,std_attack_zone_time_ms,median_longest_attack_zone_ms,median_attack_zone_pct,median_attack_zone_path_in,pct_contact_computed_in_zone,median_bat_speed_mph
109,5,30.799999999999052,28.55999999999912,12.108179053845832,27.800000000000047,4.3999999999999995,17.22337274874261,0.0,59.8086
86,7,27.999999999999137,27.999999999999137,7.9195959492890875,25.000000000000135,14.492753623188406,20.40818445198601,100.0,67.0141
120,8,26.600000000000236,23.799999999999823,8.97997772825749,23.64999999999995,12.410195005131715,16.705529058833513,12.5,69.18745
9,9,25.19999999999922,23.955555555554906,9.811104819426351,22.199999999999996,8.974358974358974,11.265887859984298,66.66666666666666,53.9154
215,7,25.19999999999922,21.199999999999346,8.377748305282413,22.199999999999996,4.0,14.095582758633602,28.57142857142857,66.5969
67,8,23.799999999999656,22.749999999999478,6.598484674529106,20.84999999999998,10.369532428355956,12.964870081976738,0.0,65.53380000000001
186,8,23.799999999999265,23.799999999999265,6.858571279792688,20.849999999999923,10.531135531135531,16.34191959242925,0.0,65.4437
19,8,22.399999999999753,19.24999999999988,8.654478609367514,19.50000000000007,10.821138211382115,13.532534118883564,37.5,62.6555
31,7,22.39999999999931,20.399999999999373,7.8723143568666964,19.400000000000084,3.902439024390244,13.662609637204023,14.285714285714285,64.9553
82,7,22.39999999999931,18.399999999999434,7.895990543729317,19.399999999999864,9.523809523809524,11.376603933261052,14.285714285714285,62.5455
146,4,20.999999999999353,21.69999999999961,7.710598766199936,18.100000000000005,3.3039647577092515,13.974868834625948,100.0,65.32415
193,8,20.999999999999353,19.249999999999407,7.695453203028158,18.05000000000012,10.190615835777127,15.470164877128248,50.0,71.89835
92,5,19.600000000000172,18.480000000000096,4.685296148590894,16.599999999999948,3.2653061224489797,10.290155044115652,60.0,66.0905
207,7,19.599999999999397,17.599999999999458,6.408327915038691,16.70000000000016,2.941176470588235,12.287207007279289,42.857142857142854,64.4862
73,8,19.599999999999397,19.249999999999407,6.7660919296147,16.64999999999994,11.76553672316384,11.995661314930448,75.0,69.77215000000001
58,6,19.599999999999397,20.533333333332703,9.314647962572785,16.60000000000006,5.254718709913872,12.414156113733673,50.0,73.57745
88,8,19.599999999999397,18.199999999999882,2.9933259094191205,16.60000000000006,10.307459677419356,13.892390200183176,37.5,72.85155
103,8,19.599999999999397,18.19999999999944,4.489988864128592,16.60000000000006,9.558823529411764,12.359401446877573,0.0,71.68745
65,7,19.599999999999397,17.599999999999522,5.986651818838042,16.599999999999948,5.0,12.786756645830392,28.57142857142857,75.3783
26,8,18.200000000000106,18.899999999999835,5.9396969619670505,15.249999999999986,3.1361168320539226,10.711176303164724,25.0,68.00065000000001
231,8,18.19999999999944,17.84999999999945,4.718050444834034,15.249999999999986,2.5509731232622803,11.931218810485044,25.0,70.14070000000001
167,5,16.800000000000814,17.36000000000035,2.3426480742960027,13.900000000000023,2.510460251046025,11.368771729524696,100.0,55.8053
221,7,16.800000000000814,16.000000000000046,3.115552385479346,13.900000000000023,2.766798418972332,8.597862708764403,0.0,60.0138
136,8,16.800000000000146,17.149999999999636,3.4899856733229035,13.900000000000023,10.16949152542373,13.552769806788916,62.5,67.92564999999999
128,8,16.80000000000004,15.399999999999665,5.9866518188380855,13.899999999999913,5.828695114409401,10.861449770579595,50.0,68.0209
24,7,16.799999999999482,14.799999999999544,5.532931712332211,13.900000000000023,5.333333333333334,11.707301717375309,71.42857142857143,68.1518
127,8,16.799999999999482,15.749999999999513,6.513063795173313,13.900000000000023,7.730524642289349,9.957470480471642,0.0,66.4188
157,5,16.799999999999482,17.919999999999582,2.5043961347996135,13.900000000000023,8.333333333333332,13.536539378586552,100.0,62.6485
123,5,16.799999999999482,19.599999999999397,8.163332652783168,13.899999999999801,2.3166023166023164,9.266529705872248,40.0,57.1854
79,8,15.399999999999526,16.799999999999482,7.332121111929118,12.500000000000068,2.8097868981846883,9.338807344230098,25.0,65.6377
192,8,15.399999999999526,15.049999999999535,5.383307533477743,12.499999999999956,4.28921568627451,8.405955018193394,0.0,65.32685000000001
99,8,15.399999999999526,15.049999999999537,4.718050444834034,12.44999999999985,2.8039832285115303,9.86167689332092,50.0,68.2887
150,5,14.000000000000679,13.440000000000651,3.067246322029079,11.100000000000332,1.984126984126984,9.723633251072178,40.0,69.3275
70,8,14.000000000000124,16.099999999999643,6.8176242196234655,11.10000000000011,6.063654655203951,9.417798585624613,75.0,65.05075
5,5,14.000000000000124,15.120000000000132,4.685296148590864,11.099999999999998,7.8125,9.640476296259497,20.0,67.5669
78,8,14.000000000000124,14.00000000000043,2.9933259094194162,11.099999999999888,5.5196041111534075,7.03942285789457,12.5,61.31875
96,4,14.000000000000012,13.99999999999979,5.11207720338123,11.050000000000004,1.9961427193828352,6.676178992769133,0.0,58.2791
83,8,13.999999999999847,13.299999999999784,4.673328578219134,11.10000000000011,7.352941176470589,7.879284891775749,0.0,68.89789999999999
210,8,13.999999999999568,13.99999999999968,2.592296279362927,11.149999999999993,6.533613445378151,9.074827092430583,50.0,69.32615
50,8,13.999999999999568,16.800000000000146,8.979977728257676,11.10000000000011,6.2024353120243525,8.224597758715552,62.5,68.2132
201,9,13.999999999999568,16.488888888888678,8.334933179763246,11.10000000000011,3.007518796992481,7.537304650992252,0.0,68.5858
74,8,13.999999999999568,14.69999999999963,5.5497747702045075,11.100000000000055,5.269109000452284,7.065738318775862,0.0,65.9059
126,8,13.999999999999568,13.999999999999762,4.489988864128867,11.099999999999888,6.714131218457101,7.611601639869782,62.5,61.69045
147,5,13.999999999999568,12.880000000000091,3.192491190277994,11.099999999999888,1.8796992481203008,6.652008340273363,60.0,66.0369
162,5,13.999999999999568,13.999999999999568,8.630179604156302,11.099999999999888,1.9011406844106464,6.880188622613057,20.0,62.7887
242,8,13.999999999999568,15.049999999999688,4.949747468305731,11.099999999999888,6.8493150684931505,7.976897323582941,62.5,68.05375000000001
10,8,13.999999999999568,13.99999999999957,5.599999999999828,11.050000000000004,4.73752792256143,8.576604217282346,75.0,63.631150000000005
238,8,12.600000000000334,13.999999999999929,5.599999999999954,9.700000000000042,6.716417910447761,9.185406855884144,75.0,65.53614999999999
209,8,12.600000000000055,13.649999999999691,4.59782557302885,9.699999999999932,6.818181818181818,7.339379797269263,25.0,67.21345
85,8,12.599999999999834,13.299999999999645,2.4819347291980414,9.749999999999925,7.488191164212281,9.678736207445708,100.0,71.35085000000001
22,8,12.59999999999961,13.64999999999958,3.7973675092093884,9.800000000000143,5.309423347398031,9.597978465559805,87.5,70.63495
71,6,12.59999999999961,12.599999999999705,1.5336231610145203,9.750000000000036,6.023550724637682,9.803520851799611,100.0,68.84245
90,8,12.59999999999961,12.949999999999601,2.0832666655999015,9.750000000000036,6.902277039848197,8.831751557058007,100.0,62.08725
57,8,12.59999999999961,12.94999999999978,4.47437146423927,9.74999999999998,6.146616541353383,8.786672741483674,50.0,69.59235
189,8,12.59999999999961,13.999999999999568,3.6660605559645596,9.749999999999925,5.406392694063927,8.763989699885531,37.5,73.09270000000001
30,8,12.59999999999961,12.599999999999612,4.233202097703216,9.699999999999932,6.905946458185264,7.070316952962218,50.0,68.5629
76,8,12.59999999999961,13.999999999999568,8.059776671843707,9.699999999999932,4.469476744186046,7.820391871734992,0.0,62.653
44,8,11.200000000000543,11.900000000000354,2.481934729198363,8.300000000000086,5.7580778790389395,7.192272168997187,87.5,66.19515
179,5,11.200000000000543,12.320000000000109,4.68529614859123,8.299999999999752,3.896103896103896,6.732302264047017,40.0,73.3095
54,9,11.200000000000099,13.3777777777776,4.147824061413872,8.399999999999963,5.88235294117647,8.454566601121222,100.0,72.0429
68,8,11.200000000000099,11.199999999999918,2.5922962793630133,8.30000000000003,6.15530303030303,5.289389732296188,37.5,61.4484
56,8,11.199999999999877,12.949999999999656,4.71805044483401,8.400000000000073,5.674044265593562,8.90981679299131,100.0,73.5498
194,8,11.199999999999877,10.49999999999994,4.427188724235532,8.299999999999974,4.805491990846681,5.315819367933403,25.0,61.49335
149,5,11.199999999999655,15.119999999999532,8.765386471798907,8.400000000000185,1.762114537444934,5.135017581702811,20.0,62.287
8,5,11.199999999999655,15.119999999999532,8.306142305546885,8.399999999999963,5.333333333333334,5.864259446506963,40.0,59.8451
80,8,11.199999999999655,11.199999999999738,2.5922962793629614,8.399999999999963,1.8068384378544806,8.24288476418165,87.5,75.82300000000001
139,5,11.199999999999655,12.31999999999962,3.192491190277488,8.399999999999963,2.898550724637681,6.839223555403307,60.0,67.5595
142,5,11.199999999999655,13.43999999999994,5.385907537268549,8.399999999999963,1.762114537444934,7.104683947192211,40.0,72.1136
163,5,11.199999999999655,11.199999999999765,1.9798989873224686,8.399999999999963,1.7543859649122806,9.027256804143729,100.0,72.4937
164,5,11.199999999999655,13.439999999999586,4.600869483043255,8.399999999999963,5.88235294117647,5.688667934221684,0.0,65.5026
174,5,11.199999999999655,11.759999999999703,2.34264807429522,8.399999999999963,5.555555555555555,8.042770020777267,100.0,66.4028
34,8,11.199999999999655,11.549999999999644,2.774887385102236,8.34999999999997,5.991504583053879,7.003001175266504,50.0,71.26185000000001
49,8,11.199999999999655,10.149999999999688,1.449137674618899,8.300000000000086,5.725806451612903,6.7009748392106845,87.5,69.75919999999999
59,5,11.199999999999655,11.759999999999637,1.2521980673998436,8.299999999999974,2.185792349726776,8.41940036824388,100.0,69.4476
64,8,11.199999999999655,12.59999999999961,5.5999999999998264,8.299999999999974,4.791965566714491,7.5281581745560135,87.5,59.7813
98,8,11.199999999999655,10.499999999999787,1.2961481396816006,8.299999999999974,1.7899331277780004,7.350856228081039,75.0,65.65270000000001
113,4,11.199999999999655,12.59999999999961,2.7999999999999137,8.299999999999974,6.299603174603174,6.411894895535432,50.0,65.73745
130,6,11.199999999999655,10.733333333333094,3.2733265444600446,8.299999999999974,5.928853754940711,7.945975941474501,33.33333333333333,67.376
137,7,11.199999999999655,13.99999999999957,4.8497422611927075,8.299999999999974,6.451612903225806,7.219129540822251,57.14285714285714,72.5252
145,5,11.199999999999655,12.319999999999887,4.246410248669089,8.299999999999974,1.8518518518518516,8.013252251252748,60.0,79.5106
151,5,11.199999999999655,11.199999999999655,2.7999999999999137,8.299999999999974,1.9607843137254901,5.76152803172967,20.0,56.7284
152,5,11.199999999999655,11.199999999999966,1.979898987322036,8.299999999999974,1.4598540145985401,8.433164247175084,60.0,72.1336
222,8,11.199999999999655,10.499999999999677,1.979898987322272,8.299999999999974,4.600132187706544,8.985918871415528,87.5,69.67365
195,8,11.199999999999655,11.199999999999655,4.233202097703215,8.299999999999862,1.80999180999181,5.625138316242722,0.0,67.9168
108,8,9.800000000000031,10.84999999999986,3.7973675092093386,6.950000000000234,4.166666666666666,5.450718468274973,62.5,65.4051
53,8,9.800000000000031,13.299999999999896,7.138627319029563,6.950000000000123,5.269109000452284,5.985832334316788,37.5,69.4822
37,8,9.799999999999699,10.849999999999666,3.152776554086792,6.950000000000012,3.973684210526316,4.569451439784459,0.0,67.9292
51,8,9.799999999999699,11.899999999999633,7.740800992145212,6.949999999999901,4.338874485282904,3.9252202382729995,12.5,59.735749999999996
200,8,9.799999999999699,10.499999999999925,2.481934729198354,6.94999999999979,1.7267080745341614,4.899172878227381,25.0,71.70230000000001
116,5,8.399999999999741,9.519999999999884,1.5336231610146613,5.600000000000049,5.084745762711865,5.725139632500337,60.0,68.4138
176,5,8.399999999999741,9.519999999999706,2.504396134799687,5.600000000000049,1.6216216216216217,4.629359572136867,40.0,67.9466
177,5,8.399999999999741,9.519999999999706,1.533623161014418,5.600000000000049,4.10958904109589,4.452220941822576,20.0,70.2543
178,5,8.399999999999741,9.519999999999884,1.533623161014661,5.600000000000049,4.6875,5.968799867671576,40.0,71.1357
243,8,8.399999999999741,9.099999999999719,1.2961481396815322,5.600000000000049,5.0,4.539702865590972,25.0,70.9906
94,8,8.399999999999741,9.449999999999708,2.5651510676760534,5.550000000000055,2.2657528641571196,5.693205058116868,50.0,74.43955
121,7,8.399999999999741,8.799999999999729,1.9321835661585323,5.50000000000006,2.8169014084507045,5.211014582660413,85.71428571428571,67.6381
87,4,5.599999999999827,6.299999999999805,7.363875791094205,4.149999999999987,2.380952380952381,3.1173599747797796,0.0,62.102850000000004
4,5,5.599999999999827,12.879999999999603,10.017584539198749,2.8000000000001357,2.631578947368421,2.018608445868638,40.0,66.0435
