user,swing_count,median_ideal_zone_time_ms,mean_ideal_zone_time_ms,max_ideal_zone_time_ms,median_x_min_in_front_com,median_x_max_in_front_com,median_x_midpoint_in_front_com,median_x_range_in_zone_in,median_bat_speed_mph,rank_by_median_ideal_zone_time,rank_by_x_midpoint_out_front,rank_by_x_range_in_zone
86,7,41.99999999999871,39.59999999999878,58.799999999998185,10.85695538058915,32.33595800528427,21.631608548954745,20.562429696310183,67.0141,1,62,1
87,4,33.599999999998964,34.299999999998946,39.1999999999988,19.262279715056422,34.05033745785455,27.25515560557875,15.985751781044646,62.102850000000004,2,6,3
109,5,30.79999999999905,33.03999999999898,39.1999999999988,15.605736782918994,30.400262467224444,23.143138357730287,15.300149981268875,59.8086,3,45,4
71,6,29.399999999999093,26.13333333333253,36.39999999999888,14.61632920886468,28.797806524215588,21.210536183000038,14.278402699677967,68.84245,4,70,6
215,7,27.999999999999137,24.399999999999245,30.79999999999905,21.341957255366136,33.10011248597502,27.189632545961132,12.023809523822518,66.5969,5,8,13
120,8,27.999999999999137,26.249999999999485,39.1999999999988,17.962129733802676,31.879077615332523,25.253983877042653,14.050431196115664,69.18745,5,19,7
67,8,27.999999999999137,24.499999999999496,33.60000000000029,16.11848518936874,30.286276715443286,23.38662354708188,11.746344206986816,65.53380000000001,5,40,16
193,8,26.599999999999177,29.049999999999105,53.19999999999836,18.57452193477822,31.98575178106192,24.365813648320284,12.296775403087896,71.89835,8,30,11
128,8,25.19999999999922,27.64999999999951,44.79999999999862,20.090082489710486,29.9650356205798,24.77348143984678,10.238188976389011,68.0209,9,23,27
207,7,25.19999999999922,28.399999999999125,44.79999999999862,18.526621672310974,27.241094863171533,22.776715410598285,10.142482189737244,64.4862,9,51,28
9,9,25.19999999999922,24.577777777777023,39.1999999999988,15.543494563196392,26.9328833896054,21.49400074992948,11.415823022134564,53.9154,9,66,17
157,5,25.19999999999922,25.759999999999206,33.599999999998964,9.17754030747148,29.300712410980285,18.51940382454194,20.123172103508807,62.6485,9,89,2
186,8,23.800000000000153,23.79999999999949,33.599999999998964,15.62439070117923,28.84261342335325,22.337317210372838,13.48462692164936,65.4437,13,57,8
58,6,23.799999999999265,29.399999999999093,47.59999999999853,22.403262092262665,36.02502812152373,29.04710348709549,10.873078365216099,73.57745,14,2,20
146,4,23.799999999999265,24.499999999999524,36.39999999999888,17.04349456319801,29.162917135389577,23.19005436822902,11.945725534321118,65.32415,14,44,14
19,8,23.799999999999265,22.399999999999448,28.00000000000025,17.1088301462502,28.583802024777782,23.133623922034737,12.023903262105232,62.6555,14,46,12
85,8,23.799999999999265,23.44999999999944,41.99999999999871,15.105830521201163,28.726846644200506,22.35864266969044,14.505624296978553,71.35085000000001,14,56,5
31,7,22.39999999999931,22.399999999999306,30.79999999999905,19.93250843646697,30.030183727066557,24.86942257220534,10.865766779164346,64.9553,18,21,22
4,5,22.39999999999931,16.239999999999498,25.19999999999922,18.643044619442705,29.78683914513904,23.404386951656324,11.035245594312634,66.0435,18,39,19
82,7,22.39999999999931,18.399999999999434,27.999999999999137,15.41694788153146,23.16535433073368,17.846175478084515,10.638357705298333,62.5455,18,92,25
70,8,20.999999999999353,20.999999999999492,30.79999999999905,18.433727034140645,29.46981627299771,23.089426321734724,8.898481439829636,65.05075,21,48,36
88,8,19.60000000000017,22.399999999999668,44.79999999999862,22.622797150380638,33.01471691042187,26.77301274843537,10.865954255729774,72.85155,22,9,21
5,5,19.60000000000017,16.800000000000146,22.4000000000002,22.551931008648285,29.91957255346314,26.498406449222475,8.580614923143873,67.5669,22,12,39
92,5,19.60000000000017,18.480000000000164,22.4000000000002,19.3014623172312,28.60554930636761,23.834551931034373,7.9152605924345,66.0905,22,34,49
103,8,19.5999999999994,18.19999999999961,22.39999999999931,26.225253093391665,35.23143982006056,30.73228346460013,9.186820397460245,71.68745,25,1,34
65,7,19.5999999999994,18.799999999999596,33.599999999998964,22.309523809547912,32.67547806527715,27.51574803152579,10.86314210724833,75.3783,25,4,23
73,8,19.5999999999994,19.249999999999407,27.999999999999137,20.655886764176792,31.418635170637614,26.513451443598193,9.561023622057576,69.77215000000001,25,11,31
59,5,19.5999999999994,22.39999999999931,30.79999999999905,18.011436070510644,29.150543682071238,23.026715410598555,12.431946006762589,69.4476,25,49,10
54,9,19.5999999999994,18.97777777777755,25.200000000000223,17.92257217849705,25.935320584954894,21.679602549704704,9.781589801285412,72.0429,25,61,30
167,5,19.5999999999994,24.64000000000022,44.80000000000217,11.829771278602951,23.686351706062336,18.491282339727512,10.390138732669646,55.8053,25,90,26
76,8,19.599999999999397,18.54999999999943,27.999999999999137,19.132827146627342,33.48143982005867,26.64707536560809,9.907011623557755,62.653,31,10,29
194,8,18.199999999999775,17.500000000000057,25.200000000000223,18.517060367474066,28.49887514063821,24.574240719936554,7.775871766037648,61.49335,32,27,52
192,8,18.19999999999944,16.799999999999482,25.19999999999922,21.132077240367785,29.382264716942124,25.465691788553944,6.779621297345155,65.32685000000001,33,16,64
231,8,18.19999999999944,18.19999999999944,25.19999999999922,19.74475065618931,30.497937757813226,25.029808773930302,11.30755530559902,70.14070000000001,33,20,18
26,8,18.19999999999944,18.899999999999668,25.20000000000122,18.4385076865591,27.243625796804835,23.105924259492525,9.033652043504324,68.00065000000001,33,47,35
99,8,18.19999999999944,20.999999999999353,33.599999999998964,18.17219722536646,27.653543307116486,22.961098612698216,9.226377952765873,68.2887,33,50,33
98,8,18.19999999999944,17.499999999999684,25.19999999999922,14.118297712801148,21.887889013896903,18.594394450713747,8.570116235479825,65.65270000000001,33,87,40
221,7,16.800000000000814,16.000000000000266,19.60000000000095,18.74953130860668,27.114360704941173,22.770059992525535,7.509561304845011,60.0138,38,52,56
136,8,16.800000000000146,17.14999999999964,22.39999999999931,14.483408323975151,27.1945069366623,21.179883764552315,11.922197225359715,67.92564999999999,39,73,15
24,7,16.799999999999482,18.79999999999942,39.1999999999988,17.44244469443204,27.22797150359147,20.639013873288135,10.642294713172358,68.1518,40,75,24
22,8,16.799999999999482,19.249999999999407,50.39999999999844,12.34636295464401,25.09889388829108,19.831411698559105,12.453974503200559,70.63495,40,81,9
127,8,16.799999999999482,15.749999999999513,25.19999999999922,15.459223847035819,23.24287589053879,19.55085301839382,8.894450693672905,66.4188,40,82,37
123,5,16.799999999999482,19.599999999999483,30.79999999999905,12.143232096001114,20.85489313838023,16.00103112112714,8.75815523060564,57.1854,40,97,38
113,4,15.39999999999953,17.49999999999946,27.999999999999137,17.913198350225574,27.889482564709546,21.919291338606357,8.012185976761561,65.73745,44,60,46
209,8,15.399999999999526,14.699999999999854,19.60000000000095,23.882827146632472,29.88385826774882,27.381327334112818,5.975346831652498,67.21345,45,5,77
210,8,15.399999999999526,15.04999999999973,19.60000000000095,20.73228346458933,27.65176227974491,24.11651668544038,7.444694413206397,69.32615,45,32,57
79,8,15.399999999999526,17.149999999999473,30.79999999999905,12.473753280853366,24.36173603302219,18.627577802794775,9.403543307096772,65.6377,45,86,32
150,5,14.00000000000068,16.240000000000787,25.20000000000122,21.022309711308797,28.05286839148137,24.797056617949544,8.511436070500384,69.3275,48,22,41
78,8,14.000000000000124,14.000000000000542,19.60000000000095,22.444131983526308,28.20388076493485,25.390326209251274,5.721878515191785,61.31875,49,17,80
200,8,14.000000000000124,16.09999999999992,28.00000000000136,20.98818897640062,27.9196662917437,24.472675290615115,6.154761904768554,71.70230000000001,49,28,72
96,4,14.000000000000014,13.999999999999792,19.5999999999994,15.949287589068593,22.055961754804475,19.04954068243527,5.815804274471973,58.2791,51,85,78
130,6,13.999999999999847,15.399999999999617,22.39999999999931,18.14379452570389,28.048087739062925,23.55703974505732,8.154105736791712,67.376,52,36,42
57,8,13.999999999999847,15.399999999999665,25.19999999999922,18.19178852645384,26.340832395978957,22.610470566203645,7.53187101613112,69.59235,52,54,55
10,8,13.99999999999957,14.349999999999559,22.39999999999931,13.500937382841732,22.174728159004083,17.221925384345564,8.032152230979808,63.631150000000005,54,94,45
74,8,13.999999999999568,14.699999999999546,22.39999999999931,21.721878515209063,27.448537682819303,24.758905136884636,5.542557180358443,65.9059,55,24,83
189,8,13.999999999999568,14.349999999999559,19.5999999999994,20.990626171751202,29.27802774656331,24.675103112137634,7.653168353964025,73.09270000000001,55,26,53
147,5,13.999999999999568,12.879999999999825,16.799999999999482,20.704724409471183,26.22984626924468,24.144638170254808,5.583427071622086,66.0369,55,31,82
201,9,13.999999999999568,16.488888888888678,33.60000000000163,18.367454068261317,26.14229471318909,22.45200599927435,6.696287964011734,68.5858,55,55,66
50,8,13.999999999999568,16.80000000000015,33.60000000000163,18.042369703806507,24.625046869167956,21.590738657691112,7.098800149988923,68.2132,55,63,59
242,8,13.999999999999568,16.099999999999657,25.19999999999922,16.675196850411716,25.723753280867687,21.525637420345717,7.862485939266088,68.05375000000001,55,65,50
83,8,13.999999999999568,13.299999999999686,19.60000000000017,17.794150731177822,24.466347956531866,21.360704911909085,7.011248593933335,68.89789999999999,55,67,60
126,8,13.999999999999568,13.99999999999957,19.5999999999994,17.601424821916275,24.99756280467642,21.08253655795303,6.597394075747664,61.69045,55,74,67
90,8,13.999999999999568,13.29999999999959,16.799999999999482,15.55164979379257,24.41591676043132,19.98547056620081,7.932789651302156,62.08725,55,79,47
162,5,13.999999999999568,13.999999999999568,27.999999999999137,15.1676040495102,23.27127859020137,19.83558305213991,5.667604049499936,62.7887,55,80,81
238,8,12.600000000000056,13.99999999999979,22.39999999999931,12.567866516698984,21.181289838793028,16.401246719177816,8.047619047627741,65.53614999999999,65,96,44
94,8,12.599999999999612,12.249999999999623,19.5999999999994,24.107330333734325,29.88910761158084,27.251077990280653,6.393700787408486,74.43955,66,7,69
30,8,12.599999999999612,12.599999999999612,19.5999999999994,20.532152230993304,26.665354330737465,23.215644919410153,5.9993438320274795,68.5629,66,43,76
44,8,11.200000000000545,11.900000000000356,16.800000000000814,19.51987251595659,26.019872515963613,23.30155605551823,6.271091113617574,66.19515,68,41,71
179,5,11.200000000000545,12.32000000000011,19.60000000000095,16.595050618690586,23.199287589076427,20.179790026268513,6.038995125615827,73.3095,68,77,75
56,8,11.199999999999878,12.949999999999656,22.39999999999931,17.373453318353974,25.58623922012513,21.214988751428994,7.93269591301944,73.5498,70,69,48
164,5,11.199999999999656,13.43999999999959,19.5999999999994,25.102924634447817,29.93625796778637,27.812992126014297,4.679977502817195,65.5026,71,3,90
152,5,11.199999999999656,11.19999999999979,13.999999999999568,23.0676790401449,29.20116235473721,26.23078365207183,6.919197600307445,72.1336,71,13,62
137,7,11.199999999999656,13.99999999999957,22.39999999999931,22.6002999625291,28.92725909264467,25.969441319863076,6.326959130115572,72.5252,71,14,70
145,5,11.199999999999656,12.319999999999887,16.800000000000814,20.32695913013069,28.388638920165647,25.35283089616537,7.1323584552008015,79.5106,71,18,58
177,5,11.199999999999656,12.31999999999962,22.39999999999931,22.48931383579482,26.42463442072596,24.709130108763098,5.012935883020042,70.2543,71,25,87
174,5,11.199999999999656,11.75999999999964,13.999999999999568,21.096362954653458,27.826584177007938,24.461473565830698,6.73022122235448,66.4028,71,29,65
163,5,11.199999999999656,11.199999999999878,14.00000000000068,20.000187476587037,28.917322834676902,23.905418072766732,7.810461192359394,72.4937,71,33,51
139,5,11.199999999999656,12.31999999999962,16.799999999999482,18.935883014643636,27.45313085867233,23.623172103512587,6.0794900637486045,67.5595,71,35,73
34,8,11.199999999999656,11.549999999999645,16.799999999999482,20.566835395597767,26.498406449222475,23.557039745057317,6.076021747288156,71.26185000000001,71,37,74
121,7,11.199999999999656,13.199999999999593,25.19999999999922,20.450506186748747,26.508248968907523,23.494188226497066,6.993813273348387,67.6381,71,38,61
49,8,11.199999999999656,10.149999999999688,11.199999999999656,18.863048368974255,24.51902887141756,22.06721034873025,5.785901762285963,69.75919999999999,71,59,79
68,8,11.199999999999656,11.199999999999807,16.799999999999482,19.42866516687513,23.7445631796282,21.586614173251668,4.430727409078651,61.4484,71,64,93
142,5,11.199999999999656,13.43999999999994,22.40000000000109,16.813835770546852,25.865766779180547,21.1829771278819,6.576490438702269,72.1136,71,72,68
222,8,11.199999999999656,14.349999999999559,30.79999999999905,15.661511061134274,24.121016123010683,20.020716160501564,8.056430446202928,69.67365,71,78,43
8,5,11.199999999999656,15.119999999999532,25.19999999999922,16.89820022499013,22.17641544809295,19.53730783654154,5.278215223102819,59.8451,71,83,84
80,8,11.199999999999656,15.04999999999987,33.599999999998964,14.928946381718413,22.193850768677894,19.23631421074444,7.59692538433517,75.82300000000001,71,84,54
195,8,11.199999999999656,11.899999999999636,19.5999999999994,15.99587551557783,20.934383202122348,18.551134233240884,4.976471691043994,67.9168,71,88,88
149,5,11.199999999999656,15.119999999999536,27.999999999999137,14.386389201365372,20.47469066368916,18.250187476585147,4.651856018002775,62.287,71,91,91
151,5,11.199999999999656,11.199999999999767,14.000000000000124,15.21897262843789,20.08455193103032,17.735189351350243,4.698725159360158,56.7284,71,93,89
64,8,11.199999999999656,12.599999999999612,25.19999999999922,11.261717285351493,17.868391451087916,14.395434945647345,6.875796775410501,59.7813,71,98,63
53,8,9.800000000000033,13.299999999999992,27.999999999999137,20.519122609695952,26.5068428946668,23.220331833545888,5.094300712416453,69.4822,91,42,85
108,8,9.800000000000033,10.849999999999861,19.5999999999994,19.783745781798643,24.925009373855193,22.114220097511705,4.634045744286972,65.4051,91,58,92
37,8,9.799999999999699,10.849999999999666,16.799999999999482,18.381608548951235,22.04574428198857,20.411323584573974,3.967660292467727,67.9292,93,76,97
51,8,9.799999999999699,11.899999999999633,27.999999999999137,15.495125609315577,18.41779152607914,17.081552305980207,3.3821709786313257,59.735749999999996,93,95,98
116,5,8.399999999999741,9.519999999999886,11.200000000000545,23.31664791903531,27.723472066021703,25.52005999252851,4.406824146986391,68.4138,95,15,94
243,8,8.399999999999741,9.44999999999971,11.199999999999656,20.886201724806966,24.409823772054864,22.616751031145544,4.133483314590142,70.9906,95,53,95
178,5,8.399999999999741,9.519999999999886,11.200000000000545,18.61154855645055,24.05905511813623,21.33530183729339,5.058492688419417,71.1357,95,68,86
176,5,8.399999999999741,9.519999999999706,13.999999999999568,19.46681664794004,23.541432320985308,21.191507311608945,4.0746156730452725,67.9466,95,71,96
