metric,n,mean,median,std,p10,p25,p75,p90,min,max
attack_zone_time_ms,677,14.76927621861122,13.999999999999568,6.499922728869998,8.399999999999741,11.199999999999655,19.599999999999397,25.19999999999922,0.0,39.199999999998795
attack_angle_contact_bat_speed_mph,677,67.25165149747696,67.55468090314744,4.899800045642722,61.117932047841585,64.27415882639166,70.45682090933721,73.0277046974291,50.893803540166175,82.4564802531981
swing_length_lead_hand_onset_to_contact_ft,677,6.98503585984918,7.02457903277735,0.7068759150900125,6.052751324365352,6.520156104073322,7.481195752237702,7.82726677191289,4.719539004564232,9.80841142555485
swing_path_tilt_contact_deg,677,39.52107048352995,39.58434307182834,7.281108266581937,30.017765812008754,35.43832327602511,43.961601578127706,48.76981999305567,15.722180027999157,61.0473501031036
longest_attack_zone_ms,677,11.878581979320533,11.099999999999888,6.433172563272833,5.50000000000006,8.299999999999974,16.599999999999948,22.199999999999864,0.0,36.10000000000002
attack_zone_pct_of_swing,677,5.555037827892613,4.938271604938271,3.4878416886816312,1.6510761965307421,2.6515151515151514,7.352941176470589,10.666666666666668,0.0,18.181818181818183
attack_zone_path_length_in,677,9.098115593183115,8.241906336469848,4.5849668505444985,4.040507770197087,5.688667934221684,12.146206657328952,15.28040057370325,0.0,27.33748951168884
attack_zone_path_pct,677,6.501873231727681,5.521764082709649,4.18038428315869,1.9075325522974425,3.2336508132593456,8.95788218278927,12.623639692624556,0.0,22.62810149249268
attack_zone_y_range_relative_com_in,675,3.8955225041356365,3.1421072365988216,2.8362744052570354,0.9904011998510882,1.7865579302606491,5.4030746156788805,8.047881514819348,0.09486314210733582,17.197037870284802
attack_zone_speed_mean_mph,675,55.19773197421181,55.69872190075536,10.08624346744649,41.29434857822205,47.75002826389529,63.19309692422852,67.92217076481906,24.524839970520183,75.77993332309215
attack_zone_speed_max_mph,675,64.10101259858148,66.2967152827646,9.110005515351297,50.81048593887013,60.46350125212946,70.1298515608377,73.17802357093879,27.265121320695084,82.18490500351214
attack_zone_speed_pct_max_mean,675,80.53352747115086,82.80092451430642,12.610694326603458,62.164963016826334,69.90388475229793,91.41249945353246,95.87049497008726,42.8238821598622,99.37557839816525
attack_zone_speed_pct_max_peak,675,93.56832549102589,98.88745558873045,10.43262594357901,77.5259598065767,91.92334185432243,100.0,100.0,47.608805762455184,100.0
attack_direction_contact_pull_deg,677,-1.2516491361684705,-1.0951060656545037,8.332848135647014,-11.86920734573185,-6.8969799262457965,4.54156324633984,9.392098875121164,-39.24844744957571,25.06950630564833
attack_direction_zone_mean_pull_deg,675,13.88674996997369,13.164788358590318,9.731825512189776,2.0346972906094534,7.097424744617234,20.167848753653114,26.893406781527883,-7.589982320594156,46.67905782351739
attack_direction_zone_median_pull_deg,675,14.283420690520353,13.377489132980664,10.38538322480077,1.9414164216251213,6.93130638285354,21.324237908283457,28.58913253530411,-7.8946393041837375,46.479595101572876
attack_direction_zone_range_deg,675,21.24027132674758,18.790073234332812,10.95380920316632,8.895288398813006,13.506669712901807,28.111884247030435,36.56826402445473,2.4218929304285934,57.748277554685075
attack_angle_contact_computed_deg,677,4.174970748234362,4.588549617896685,6.007980486855054,-3.3636139726225545,0.5342478382097009,8.285481640524306,10.852040509603034,-28.811737999494866,23.857233398444478
attack_angle_contact_x,677,4.099183456425407,4.4269,5.878536914708944,-3.31802,0.4266,8.2426,10.68712,-23.1958,22.6492
attack_angle_contact_diff_deg,677,0.07578729180895574,0.08836266120281167,0.4824263616308774,-0.38339376709679196,-0.14107652289163464,0.32609215984492224,0.5541348000995757,-5.615937999494868,1.8202171890260548
